[{"model": "admin.logentry", "pk": 1, "fields": {"action_time": "2022-04-30T16:52:07.427Z", "user": 1, "content_type": 7, "object_id": "1", "object_repr": "bam-shop.com", "action_flag": 2, "change_message": "[{\"changed\": {\"fields\": [\"Domain name\", \"Display name\"]}}]"}}, {"model": "admin.logentry", "pk": 2, "fields": {"action_time": "2022-04-30T20:33:36.638Z", "user": 1, "content_type": 8, "object_id": "1", "object_repr": "maris.kurpnieks@gmail.com", "action_flag": 1, "change_message": "[{\"added\": {}}]"}}, {"model": "admin.logentry", "pk": 3, "fields": {"action_time": "2022-05-08T18:59:56.477Z", "user": 1, "content_type": 15, "object_id": "1", "object_repr": "tv_and_movies", "action_flag": 1, "change_message": "[{\"added\": {}}, {\"added\": {\"name\": \"design category\", \"object\": \"breaking_bad\"}}]"}}, {"model": "admin.logentry", "pk": 4, "fields": {"action_time": "2022-05-08T19:00:21.236Z", "user": 1, "content_type": 20, "object_id": "1", "object_repr": "los_polos_hermanos_1", "action_flag": 1, "change_message": "[{\"added\": {}}]"}}, {"model": "admin.logentry", "pk": 5, "fields": {"action_time": "2022-05-08T19:01:23.710Z", "user": 1, "content_type": 14, "object_id": "1", "object_repr": "home_&_living", "action_flag": 1, "change_message": "[{\"added\": {}}, {\"added\": {\"name\": \"category\", \"object\": \"coffee_mugs\"}}]"}}, {"model": "admin.logentry", "pk": 6, "fields": {"action_time": "2022-05-08T19:02:08.341Z", "user": 1, "content_type": 19, "object_id": "1", "object_repr": "320ml_(11oz)", "action_flag": 1, "change_message": "[{\"added\": {}}]"}}, {"model": "admin.logentry", "pk": 7, "fields": {"action_time": "2022-05-08T19:02:27.079Z", "user": 1, "content_type": 19, "object_id": "2", "object_repr": "450ml_(15oz)", "action_flag": 1, "change_message": "[{\"added\": {}}]"}}, {"model": "admin.logentry", "pk": 8, "fields": {"action_time": "2022-05-08T19:03:23.376Z", "user": 1, "content_type": 17, "object_id": "1", "object_repr": "white", "action_flag": 1, "change_message": "[{\"added\": {}}]"}}, {"model": "admin.logentry", "pk": 9, "fields": {"action_time": "2022-05-08T19:05:16.565Z", "user": 1, "content_type": 18, "object_id": "1", "object_repr": "los_pollos_hermanos_white_mug", "action_flag": 1, "change_message": "[{\"added\": {}}]"}}, {"model": "admin.logentry", "pk": 10, "fields": {"action_time": "2022-05-09T19:30:15.137Z", "user": 1, "content_type": 15, "object_id": "2", "object_repr": "languages_and_countries", "action_flag": 1, "change_message": "[{\"added\": {}}, {\"added\": {\"name\": \"design category\", \"object\": \"netherlands\"}}]"}}, {"model": "admin.logentry", "pk": 11, "fields": {"action_time": "2022-05-09T19:30:38.996Z", "user": 1, "content_type": 20, "object_id": "2", "object_repr": "het_words", "action_flag": 1, "change_message": "[{\"added\": {}}]"}}, {"model": "admin.logentry", "pk": 12, "fields": {"action_time": "2022-05-09T19:32:34.606Z", "user": 1, "content_type": 18, "object_id": "2", "object_repr": "\"het-_words\"_white_mug", "action_flag": 1, "change_message": "[{\"added\": {}}]"}}, {"model": "admin.logentry", "pk": 13, "fields": {"action_time": "2022-05-09T19:35:38.447Z", "user": 1, "content_type": 18, "object_id": "3", "object_repr": "los_pollos_hermanos_white_mug", "action_flag": 1, "change_message": "[{\"added\": {}}]"}}, {"model": "admin.logentry", "pk": 14, "fields": {"action_time": "2022-05-09T19:40:23.362Z", "user": 1, "content_type": 18, "object_id": "4", "object_repr": "\"het-_words\"_white_mug", "action_flag": 1, "change_message": "[{\"added\": {}}]"}}, {"model": "admin.logentry", "pk": 15, "fields": {"action_time": "2022-05-09T19:41:39.971Z", "user": 1, "content_type": 18, "object_id": "2", "object_repr": "\"het-_words\"_white_mug", "action_flag": 2, "change_message": "[{\"changed\": {\"fields\": [\"Price\"]}}]"}}, {"model": "admin.logentry", "pk": 16, "fields": {"action_time": "2022-05-09T19:41:46.236Z", "user": 1, "content_type": 18, "object_id": "1", "object_repr": "los_pollos_hermanos_white_mug", "action_flag": 2, "change_message": "[{\"changed\": {\"fields\": [\"Price\"]}}]"}}, {"model": "admin.logentry", "pk": 17, "fields": {"action_time": "2022-05-09T19:42:04.510Z", "user": 1, "content_type": 18, "object_id": "4", "object_repr": "\"het-_words\"_white_mug", "action_flag": 2, "change_message": "[{\"changed\": {\"fields\": [\"Price\"]}}]"}}, {"model": "admin.logentry", "pk": 18, "fields": {"action_time": "2022-05-09T19:42:10.927Z", "user": 1, "content_type": 18, "object_id": "3", "object_repr": "los_pollos_hermanos_white_mug", "action_flag": 2, "change_message": "[{\"changed\": {\"fields\": [\"Price\"]}}]"}}, {"model": "admin.logentry", "pk": 19, "fields": {"action_time": "2022-05-10T13:10:51.901Z", "user": 1, "content_type": 18, "object_id": "4", "object_repr": "\"het-_words\"_white_mug", "action_flag": 3, "change_message": ""}}, {"model": "admin.logentry", "pk": 20, "fields": {"action_time": "2022-05-10T13:10:51.903Z", "user": 1, "content_type": 18, "object_id": "3", "object_repr": "los_pollos_hermanos_white_mug", "action_flag": 3, "change_message": ""}}, {"model": "admin.logentry", "pk": 21, "fields": {"action_time": "2022-05-10T13:10:51.905Z", "user": 1, "content_type": 18, "object_id": "2", "object_repr": "\"het-_words\"_white_mug", "action_flag": 3, "change_message": ""}}, {"model": "admin.logentry", "pk": 22, "fields": {"action_time": "2022-05-10T13:10:51.906Z", "user": 1, "content_type": 18, "object_id": "1", "object_repr": "los_pollos_hermanos_white_mug", "action_flag": 3, "change_message": ""}}, {"model": "admin.logentry", "pk": 23, "fields": {"action_time": "2022-05-10T14:16:38.328Z", "user": 1, "content_type": 18, "object_id": "1", "object_repr": "\"het-_words\"_white_mug", "action_flag": 1, "change_message": "[{\"added\": {}}, {\"added\": {\"name\": \"images\", \"object\": \"Images object (1)\"}}]"}}, {"model": "admin.logentry", "pk": 24, "fields": {"action_time": "2022-05-10T14:22:20.625Z", "user": 1, "content_type": 18, "object_id": "2", "object_repr": "\"het-_words\"_white_mug", "action_flag": 1, "change_message": "[{\"added\": {}}]"}}, {"model": "admin.logentry", "pk": 25, "fields": {"action_time": "2022-05-10T14:23:33.115Z", "user": 1, "content_type": 18, "object_id": "2", "object_repr": "\"het-_words\"_white_mug", "action_flag": 2, "change_message": "[{\"added\": {\"name\": \"images\", \"object\": \"Images object (2)\"}}]"}}, {"model": "admin.logentry", "pk": 26, "fields": {"action_time": "2022-05-10T14:26:37.248Z", "user": 1, "content_type": 18, "object_id": "1", "object_repr": "\"het-_words\"_white_mug", "action_flag": 2, "change_message": "[{\"added\": {\"name\": \"images\", \"object\": \"Images object (3)\"}}]"}}, {"model": "admin.logentry", "pk": 27, "fields": {"action_time": "2022-05-10T14:26:56.516Z", "user": 1, "content_type": 18, "object_id": "1", "object_repr": "\"het-_words\"_white_mug", "action_flag": 2, "change_message": "[{\"deleted\": {\"name\": \"images\", \"object\": \"Images object (None)\"}}]"}}, {"model": "admin.logentry", "pk": 28, "fields": {"action_time": "2022-05-10T14:45:52.269Z", "user": 1, "content_type": 18, "object_id": "1", "object_repr": "\"het-_words\"_white_mug", "action_flag": 2, "change_message": "[{\"added\": {\"name\": \"images\", \"object\": \"Images object (4)\"}}]"}}, {"model": "admin.logentry", "pk": 29, "fields": {"action_time": "2022-05-10T14:49:35.835Z", "user": 1, "content_type": 18, "object_id": "2", "object_repr": "\"het-_words\"_white_mug", "action_flag": 2, "change_message": "[{\"added\": {\"name\": \"images\", \"object\": \"Images object (5)\"}}]"}}, {"model": "admin.logentry", "pk": 30, "fields": {"action_time": "2022-05-10T14:54:08.606Z", "user": 1, "content_type": 18, "object_id": "2", "object_repr": "\"het-_words\"_white_mug", "action_flag": 2, "change_message": "[{\"deleted\": {\"name\": \"images\", \"object\": \"Images object (None)\"}}]"}}, {"model": "admin.logentry", "pk": 31, "fields": {"action_time": "2022-05-10T15:05:46.262Z", "user": 1, "content_type": 18, "object_id": "3", "object_repr": "los_pollos_hermanos_white_mug", "action_flag": 1, "change_message": "[{\"added\": {}}, {\"added\": {\"name\": \"images\", \"object\": \"Images object (6)\"}}]"}}, {"model": "admin.logentry", "pk": 32, "fields": {"action_time": "2022-05-10T15:06:02.208Z", "user": 1, "content_type": 18, "object_id": "3", "object_repr": "los_pollos_hermanos_white_mug", "action_flag": 2, "change_message": "[{\"added\": {\"name\": \"images\", \"object\": \"Images object (7)\"}}]"}}, {"model": "admin.logentry", "pk": 33, "fields": {"action_time": "2022-05-10T15:06:17.831Z", "user": 1, "content_type": 18, "object_id": "3", "object_repr": "los_pollos_hermanos_white_mug", "action_flag": 2, "change_message": "[{\"deleted\": {\"name\": \"images\", \"object\": \"Images object (None)\"}}]"}}, {"model": "admin.logentry", "pk": 34, "fields": {"action_time": "2022-05-10T15:06:26.723Z", "user": 1, "content_type": 18, "object_id": "1", "object_repr": "\"het-_words\"_white_mug", "action_flag": 2, "change_message": "[{\"deleted\": {\"name\": \"images\", \"object\": \"Images object (None)\"}}]"}}, {"model": "admin.logentry", "pk": 35, "fields": {"action_time": "2022-05-10T15:07:25.355Z", "user": 1, "content_type": 18, "object_id": "4", "object_repr": "los_pollos_hermanos_white_mug", "action_flag": 1, "change_message": "[{\"added\": {}}, {\"added\": {\"name\": \"images\", \"object\": \"Images object (8)\"}}]"}}, {"model": "admin.logentry", "pk": 36, "fields": {"action_time": "2022-05-10T15:29:30.700Z", "user": 1, "content_type": 15, "object_id": "3", "object_repr": "pets", "action_flag": 1, "change_message": "[{\"added\": {}}, {\"added\": {\"name\": \"design category\", \"object\": \"dogs\"}}]"}}, {"model": "admin.logentry", "pk": 37, "fields": {"action_time": "2022-05-10T15:29:45.496Z", "user": 1, "content_type": 20, "object_id": "3", "object_repr": "life_is_better_with_a_dog", "action_flag": 1, "change_message": "[{\"added\": {}}]"}}, {"model": "admin.logentry", "pk": 38, "fields": {"action_time": "2022-05-10T15:30:54.867Z", "user": 1, "content_type": 17, "object_id": "2", "object_repr": "black_heather", "action_flag": 1, "change_message": "[{\"added\": {}}]"}}, {"model": "admin.logentry", "pk": 39, "fields": {"action_time": "2022-05-10T15:31:07.699Z", "user": 1, "content_type": 19, "object_id": "3", "object_repr": "xs", "action_flag": 1, "change_message": "[{\"added\": {}}]"}}, {"model": "admin.logentry", "pk": 40, "fields": {"action_time": "2022-05-10T15:38:18.814Z", "user": 1, "content_type": 14, "object_id": "2", "object_repr": "men's_clothing", "action_flag": 1, "change_message": "[{\"added\": {}}, {\"added\": {\"name\": \"category\", \"object\": \"t-shirts\"}}]"}}, {"model": "admin.logentry", "pk": 41, "fields": {"action_time": "2022-05-10T15:38:23.311Z", "user": 1, "content_type": 14, "object_id": "2", "object_repr": "men's_clothing", "action_flag": 2, "change_message": "[]"}}, {"model": "admin.logentry", "pk": 42, "fields": {"action_time": "2022-05-10T15:39:15.058Z", "user": 1, "content_type": 18, "object_id": "5", "object_repr": "unisex_t-shirt_-_life_is_better_with_a_dog", "action_flag": 1, "change_message": "[{\"added\": {}}, {\"added\": {\"name\": \"images\", \"object\": \"Images object (9)\"}}]"}}, {"model": "admin.logentry", "pk": 43, "fields": {"action_time": "2022-05-10T15:40:12.403Z", "user": 1, "content_type": 19, "object_id": "4", "object_repr": "s", "action_flag": 1, "change_message": "[{\"added\": {}}]"}}, {"model": "admin.logentry", "pk": 44, "fields": {"action_time": "2022-05-10T15:40:24.186Z", "user": 1, "content_type": 18, "object_id": "6", "object_repr": "unisex_t-shirt_-_life_is_better_with_a_dog", "action_flag": 1, "change_message": "[{\"added\": {}}, {\"added\": {\"name\": \"images\", \"object\": \"Images object (10)\"}}]"}}, {"model": "admin.logentry", "pk": 45, "fields": {"action_time": "2022-05-10T15:44:42.241Z", "user": 1, "content_type": 19, "object_id": "5", "object_repr": "m", "action_flag": 1, "change_message": "[{\"added\": {}}]"}}, {"model": "admin.logentry", "pk": 46, "fields": {"action_time": "2022-05-10T15:44:53.861Z", "user": 1, "content_type": 18, "object_id": "7", "object_repr": "unisex_t-shirt_-_life_is_better_with_a_dog", "action_flag": 1, "change_message": "[{\"added\": {}}, {\"added\": {\"name\": \"images\", \"object\": \"Images object (11)\"}}]"}}, {"model": "admin.logentry", "pk": 47, "fields": {"action_time": "2022-05-10T17:16:17.778Z", "user": 1, "content_type": 19, "object_id": "6", "object_repr": "l", "action_flag": 1, "change_message": "[{\"added\": {}}]"}}, {"model": "admin.logentry", "pk": 48, "fields": {"action_time": "2022-05-10T17:16:44.875Z", "user": 1, "content_type": 18, "object_id": "8", "object_repr": "unisex_t-shirt_-_life_is_better_with_a_dog", "action_flag": 1, "change_message": "[{\"added\": {}}, {\"added\": {\"name\": \"images\", \"object\": \"Images object (12)\"}}]"}}, {"model": "admin.logentry", "pk": 49, "fields": {"action_time": "2022-05-10T17:17:31.268Z", "user": 1, "content_type": 19, "object_id": "7", "object_repr": "xl", "action_flag": 1, "change_message": "[{\"added\": {}}]"}}, {"model": "admin.logentry", "pk": 50, "fields": {"action_time": "2022-05-10T17:17:42.888Z", "user": 1, "content_type": 18, "object_id": "9", "object_repr": "unisex_t-shirt_-_life_is_better_with_a_dog", "action_flag": 1, "change_message": "[{\"added\": {}}, {\"added\": {\"name\": \"images\", \"object\": \"Images object (13)\"}}]"}}, {"model": "admin.logentry", "pk": 51, "fields": {"action_time": "2022-05-10T17:18:31.110Z", "user": 1, "content_type": 19, "object_id": "8", "object_repr": "2xl", "action_flag": 1, "change_message": "[{\"added\": {}}]"}}, {"model": "admin.logentry", "pk": 52, "fields": {"action_time": "2022-05-10T17:18:42.047Z", "user": 1, "content_type": 18, "object_id": "10", "object_repr": "unisex_t-shirt_-_life_is_better_with_a_dog", "action_flag": 1, "change_message": "[{\"added\": {}}, {\"added\": {\"name\": \"images\", \"object\": \"Images object (14)\"}}]"}}, {"model": "admin.logentry", "pk": 53, "fields": {"action_time": "2022-05-10T17:21:31.726Z", "user": 1, "content_type": 17, "object_id": "3", "object_repr": "kelly", "action_flag": 1, "change_message": "[{\"added\": {}}]"}}, {"model": "admin.logentry", "pk": 54, "fields": {"action_time": "2022-05-10T17:21:44.933Z", "user": 1, "content_type": 18, "object_id": "11", "object_repr": "unisex_t-shirt_-_life_is_better_with_a_dog", "action_flag": 1, "change_message": "[{\"added\": {}}, {\"added\": {\"name\": \"images\", \"object\": \"Images object (15)\"}}]"}}, {"model": "admin.logentry", "pk": 55, "fields": {"action_time": "2022-05-10T19:41:28.729Z", "user": 1, "content_type": 18, "object_id": "11", "object_repr": "unisex_t-shirt_-_life_is_better_with_a_dog", "action_flag": 2, "change_message": "[{\"added\": {\"name\": \"images\", \"object\": \"Images object (16)\"}}]"}}, {"model": "admin.logentry", "pk": 56, "fields": {"action_time": "2022-05-10T19:42:20.004Z", "user": 1, "content_type": 18, "object_id": "11", "object_repr": "unisex_t-shirt_-_life_is_better_with_a_dog", "action_flag": 2, "change_message": "[{\"changed\": {\"name\": \"images\", \"object\": \"Images object (16)\", \"fields\": [\"Image\"]}}]"}}, {"model": "admin.logentry", "pk": 57, "fields": {"action_time": "2022-05-11T13:54:48.601Z", "user": 1, "content_type": 18, "object_id": "4", "object_repr": "los_pollos_hermanos_white_mug", "action_flag": 2, "change_message": "[{\"changed\": {\"fields\": [\"Main code\"]}}]"}}, {"model": "admin.logentry", "pk": 58, "fields": {"action_time": "2022-05-11T13:54:58.740Z", "user": 1, "content_type": 18, "object_id": "3", "object_repr": "los_pollos_hermanos_white_mug", "action_flag": 2, "change_message": "[{\"changed\": {\"fields\": [\"Main code\"]}}]"}}, {"model": "admin.logentry", "pk": 59, "fields": {"action_time": "2022-05-11T13:55:06.705Z", "user": 1, "content_type": 18, "object_id": "2", "object_repr": "\"het-_words\"_white_mug", "action_flag": 2, "change_message": "[{\"changed\": {\"fields\": [\"Main code\"]}}]"}}, {"model": "admin.logentry", "pk": 60, "fields": {"action_time": "2022-05-11T13:55:11.134Z", "user": 1, "content_type": 18, "object_id": "1", "object_repr": "\"het-_words\"_white_mug", "action_flag": 2, "change_message": "[{\"changed\": {\"fields\": [\"Main code\"]}}]"}}, {"model": "admin.logentry", "pk": 61, "fields": {"action_time": "2022-05-11T13:55:25.773Z", "user": 1, "content_type": 18, "object_id": "5", "object_repr": "unisex_t-shirt_-_life_is_better_with_a_dog", "action_flag": 2, "change_message": "[{\"changed\": {\"fields\": [\"Main code\"]}}]"}}, {"model": "admin.logentry", "pk": 62, "fields": {"action_time": "2022-05-11T13:55:29.273Z", "user": 1, "content_type": 18, "object_id": "6", "object_repr": "unisex_t-shirt_-_life_is_better_with_a_dog", "action_flag": 2, "change_message": "[{\"changed\": {\"fields\": [\"Main code\"]}}]"}}, {"model": "admin.logentry", "pk": 63, "fields": {"action_time": "2022-05-11T13:55:32.520Z", "user": 1, "content_type": 18, "object_id": "7", "object_repr": "unisex_t-shirt_-_life_is_better_with_a_dog", "action_flag": 2, "change_message": "[{\"changed\": {\"fields\": [\"Main code\"]}}]"}}, {"model": "admin.logentry", "pk": 64, "fields": {"action_time": "2022-05-11T13:55:35.601Z", "user": 1, "content_type": 18, "object_id": "8", "object_repr": "unisex_t-shirt_-_life_is_better_with_a_dog", "action_flag": 2, "change_message": "[{\"changed\": {\"fields\": [\"Main code\"]}}]"}}, {"model": "admin.logentry", "pk": 65, "fields": {"action_time": "2022-05-11T13:55:39.772Z", "user": 1, "content_type": 18, "object_id": "8", "object_repr": "unisex_t-shirt_-_life_is_better_with_a_dog", "action_flag": 2, "change_message": "[{\"changed\": {\"fields\": [\"Main code\"]}}]"}}, {"model": "admin.logentry", "pk": 66, "fields": {"action_time": "2022-05-11T13:55:45.050Z", "user": 1, "content_type": 18, "object_id": "9", "object_repr": "unisex_t-shirt_-_life_is_better_with_a_dog", "action_flag": 2, "change_message": "[{\"changed\": {\"fields\": [\"Main code\"]}}]"}}, {"model": "admin.logentry", "pk": 67, "fields": {"action_time": "2022-05-11T13:55:48.489Z", "user": 1, "content_type": 18, "object_id": "10", "object_repr": "unisex_t-shirt_-_life_is_better_with_a_dog", "action_flag": 2, "change_message": "[{\"changed\": {\"fields\": [\"Main code\"]}}]"}}, {"model": "admin.logentry", "pk": 68, "fields": {"action_time": "2022-05-11T13:55:51.871Z", "user": 1, "content_type": 18, "object_id": "11", "object_repr": "unisex_t-shirt_-_life_is_better_with_a_dog", "action_flag": 2, "change_message": "[{\"changed\": {\"fields\": [\"Main code\"]}}]"}}, {"model": "auth.user", "pk": 1, "fields": {"password": "pbkdf2_sha256$320000$JcSMrWshbH8ryZnnqLHmKt$gcgc24qAL9NyAiERS78tiCy1siNFBXvt8C05sPwXlns=", "last_login": "2022-05-06T20:08:52.102Z", "is_superuser": true, "username": "maris", "first_name": "", "last_name": "", "email": "", "is_staff": true, "is_active": true, "date_joined": "2022-04-23T21:17:15.534Z", "groups": [], "user_permissions": []}}, {"model": "sessions.session", "pk": "1xe2hx4dvdymc02az6vyde6j1vo17j6a", "fields": {"session_data": ".eJxVjMEOwiAQRP-FsyEUkAWP3v0GsrtQqRpISnsy_rtt0oPOcd6beYuI61Li2vMcpyQuYhCn346Qn7nuID2w3pvkVpd5Irkr8qBd3lrKr-vh_h0U7GVbA43AoDEBJOvPhtGarNAnGLcEci5YZ7wLmrNWDIaUt2ycCqQUukF8vvH_N7A:1nn4Fw:pv_lW_Uai0HtcMN4HIX5oPAloC6NlX5K164_JS_aPxY", "expire_date": "2022-05-20T20:08:52.105Z"}}, {"model": "sessions.session", "pk": "6zdsihwq70oqmurd7z0uqs1b6tfok8ai", "fields": {"session_data": ".eJxVjMEOwiAQRP-FsyEUkAWP3v0GsrtQqRpISnsy_rtt0oPOcd6beYuI61Li2vMcpyQuYhCn346Qn7nuID2w3pvkVpd5Irkr8qBd3lrKr-vh_h0U7GVbA43AoDEBJOvPhtGarNAnGLcEci5YZ7wLmrNWDIaUt2ycCqQUukF8vvH_N7A:1nkBqh:DP3AG8YAsJFHSSPge_X6s4FGYtyhYe9_8wMbbZTX6SU", "expire_date": "2022-05-12T21:38:55.011Z"}}, {"model": "sessions.session", "pk": "gpo86nybz4wyouxtral7sqiqjbq83cz8", "fields": {"session_data": ".eJxVjs0OwiAQhN-FsyFrQX569O4zkAW2FjVgoE00xne3NT3oHGe-mcyLOZyn0c2NqkuR9WzPdr-ex3ClvAbxgvlceCh5qsnzFeFb2vipRLodN_ZvYMQ2Lm3tBx10h1HrKM1BBJSCAE3UwyLrlbJSCaNsF6iDoIUHI4NQYD0Aqu-rRq2lkh097qk-WQ_vD5YVPu0:1nktmu:hq5RjE8OgFnKOUbNesAd3Gz5ly47keOxTtoItWGnmPc", "expire_date": "2022-05-14T20:33:56.109Z"}}, {"model": "sites.site", "pk": 1, "fields": {"domain": "bam-shop.com", "name": "BAM Shop"}}, {"model": "account.emailaddress", "pk": 1, "fields": {"user": 1, "email": "maris.kurpnieks@gmail.com", "verified": true, "primary": true}}, {"model": "products.productgroup", "pk": 1, "fields": {"name": "home_&_living", "display_name": "Home & Living"}}, {"model": "products.productgroup", "pk": 2, "fields": {"name": "men's_clothing", "display_name": "Men's clothing"}}, {"model": "products.category", "pk": 1, "fields": {"product_group": 1, "name": "coffee_mugs", "display_name": "Coffee Mugs"}}, {"model": "products.category", "pk": 2, "fields": {"product_group": 2, "name": "t-shirts", "display_name": "T-shirts"}}, {"model": "products.productdesigngroup", "pk": 1, "fields": {"name": "tv_and_movies", "display_name": "TV And Movies"}}, {"model": "products.productdesigngroup", "pk": 2, "fields": {"name": "languages_and_countries", "display_name": "Languages and Countries"}}, {"model": "products.productdesigngroup", "pk": 3, "fields": {"name": "pets", "display_name": "Pets"}}, {"model": "products.designcategory", "pk": 1, "fields": {"product_design_group": 1, "name": "breaking_bad", "display_name": "Breaking Bad"}}, {"model": "products.designcategory", "pk": 2, "fields": {"product_design_group": 2, "name": "netherlands", "display_name": "Netherlands"}}, {"model": "products.designcategory", "pk": 3, "fields": {"product_design_group": 3, "name": "dogs", "display_name": "Dogs"}}, {"model": "products.design", "pk": 1, "fields": {"product_design_group": 1, "product_design_category": 1, "name": "los_polos_hermanos_1", "display_name": "Los Polos Hermanos 1"}}, {"model": "products.design", "pk": 2, "fields": {"product_design_group": 2, "product_design_category": 2, "name": "het_words", "display_name": "Het words"}}, {"model": "products.design", "pk": 3, "fields": {"product_design_group": 3, "product_design_category": 3, "name": "life_is_better_with_a_dog", "display_name": "Life is better with a dog"}}, {"model": "products.size", "pk": 1, "fields": {"name": "320ml_(11oz)", "display_name": "320ml (11oz)"}}, {"model": "products.size", "pk": 2, "fields": {"name": "450ml_(15oz)", "display_name": "450ml (15oz)"}}, {"model": "products.size", "pk": 3, "fields": {"name": "xs", "display_name": "XS"}}, {"model": "products.size", "pk": 4, "fields": {"name": "s", "display_name": "S"}}, {"model": "products.size", "pk": 5, "fields": {"name": "m", "display_name": "M"}}, {"model": "products.size", "pk": 6, "fields": {"name": "l", "display_name": "L"}}, {"model": "products.size", "pk": 7, "fields": {"name": "xl", "display_name": "XL"}}, {"model": "products.size", "pk": 8, "fields": {"name": "2xl", "display_name": "2XL"}}, {"model": "products.color", "pk": 1, "fields": {"name": "white", "display_name": "White", "hex_code": "#ffffff", "rgb_code": "255,255,255"}}, {"model": "products.color", "pk": 2, "fields": {"name": "black_heather", "display_name": "Black Heather", "hex_code": "#0b0b0b", "rgb_code": "11,11,11"}}, {"model": "products.color", "pk": 3, "fields": {"name": "kelly", "display_name": "Kelly", "hex_code": "#1a9462", "rgb_code": "26,148,98"}}, {"model": "products.product", "pk": 1, "fields": {"product_group": 1, "category": 1, "design": 2, "main_code": "000002", "code": "#62796b58dda593", "name": "\"het-_words\"_white_mug", "display_name": "\"Het- words\" White mug", "description": "\"Het- words\" White mug", "size": 1, "color": 1, "price": "12.90"}}, {"model": "products.product", "pk": 2, "fields": {"product_group": 1, "category": 1, "design": 2, "main_code": "000002", "code": "#62796b58dda601", "name": "\"het-_words\"_white_mug", "display_name": "\"Het- words\" White mug", "description": "\"Het- words\" White mug", "size": 2, "color": 1, "price": "14.90"}}, {"model": "products.product", "pk": 3, "fields": {"product_group": 1, "category": 1, "design": 1, "main_code": "000001", "code": "#626d5c4747c276", "name": "los_pollos_hermanos_white_mug", "display_name": "Los Pollos Hermanos White Mug", "description": "Los Pollos Hermanos White Mug", "size": 1, "color": 1, "price": "12.90"}}, {"model": "products.product", "pk": 4, "fields": {"product_group": 1, "category": 1, "design": 1, "main_code": "000001", "code": "#626d5c4747c2c5", "name": "los_pollos_hermanos_white_mug", "display_name": "Los Pollos Hermanos White Mug", "description": "Los Pollos Hermanos White Mug", "size": 2, "color": 1, "price": "14.90"}}, {"model": "products.product", "pk": 5, "fields": {"product_group": 2, "category": 2, "design": 3, "main_code": "000003", "code": "#627a83d009ba88", "name": "unisex_t-shirt_-_life_is_better_with_a_dog", "display_name": "Unisex t-shirt - Life is better with a dog", "description": "Unisex t-shirt - Life is better with a dog", "size": 3, "color": 2, "price": "13.00"}}, {"model": "products.product", "pk": 6, "fields": {"product_group": 2, "category": 2, "design": 3, "main_code": "000003", "code": "#627a83d009bad5", "name": "unisex_t-shirt_-_life_is_better_with_a_dog", "display_name": "Unisex t-shirt - Life is better with a dog", "description": "Unisex t-shirt - Life is better with a dog", "size": 4, "color": 2, "price": "13.00"}}, {"model": "products.product", "pk": 7, "fields": {"product_group": 2, "category": 2, "design": 3, "main_code": "000003", "code": "#627a83d009bb01", "name": "unisex_t-shirt_-_life_is_better_with_a_dog", "display_name": "Unisex t-shirt - Life is better with a dog", "description": "Unisex t-shirt - Life is better with a dog", "size": 5, "color": 2, "price": "13.00"}}, {"model": "products.product", "pk": 8, "fields": {"product_group": 2, "category": 2, "design": 3, "main_code": "000003", "code": "#627a83d009bb47", "name": "unisex_t-shirt_-_life_is_better_with_a_dog", "display_name": "Unisex t-shirt - Life is better with a dog", "description": "Unisex t-shirt - Life is better with a dog", "size": 6, "color": 2, "price": "13.50"}}, {"model": "products.product", "pk": 9, "fields": {"product_group": 2, "category": 2, "design": 3, "main_code": "000003", "code": "#627a83d009bb88", "name": "unisex_t-shirt_-_life_is_better_with_a_dog", "display_name": "Unisex t-shirt - Life is better with a dog", "description": "Unisex t-shirt - Life is better with a dog", "size": 7, "color": 2, "price": "14.00"}}, {"model": "products.product", "pk": 10, "fields": {"product_group": 2, "category": 2, "design": 3, "main_code": "000003", "code": "#627a83d009bbc2", "name": "unisex_t-shirt_-_life_is_better_with_a_dog", "display_name": "Unisex t-shirt - Life is better with a dog", "description": "Unisex t-shirt - Life is better with a dog", "size": 8, "color": 2, "price": "14.50"}}, {"model": "products.product", "pk": 11, "fields": {"product_group": 2, "category": 2, "design": 3, "main_code": "000003", "code": "#627a83d009bd29", "name": "unisex_t-shirt_-_life_is_better_with_a_dog", "display_name": "Unisex t-shirt - Life is better with a dog", "description": "Unisex t-shirt - Life is better with a dog", "size": 3, "color": 3, "price": "13.00"}}, {"model": "products.images", "pk": 1, "fields": {"product": 1, "image_url": null, "image": "62796b58dda593_aEheUf5.jpg"}}, {"model": "products.images", "pk": 2, "fields": {"product": 2, "image_url": null, "image": "62796b58dda601_s5OzDyD.jpg"}}, {"model": "products.images", "pk": 6, "fields": {"product": 3, "image_url": null, "image": "626d5c4747c276_rtoshoo.jpg"}}, {"model": "products.images", "pk": 8, "fields": {"product": 4, "image_url": null, "image": "626d5c4747c2c5_ex4ezCL.jpg"}}, {"model": "products.images", "pk": 9, "fields": {"product": 5, "image_url": null, "image": "627a83d009ba88.jpg"}}, {"model": "products.images", "pk": 10, "fields": {"product": 6, "image_url": null, "image": "627a83d009bad5.jpg"}}, {"model": "products.images", "pk": 11, "fields": {"product": 7, "image_url": null, "image": "627a83d009bb01.jpg"}}, {"model": "products.images", "pk": 12, "fields": {"product": 8, "image_url": null, "image": "627a83d009bb47.jpg"}}, {"model": "products.images", "pk": 13, "fields": {"product": 9, "image_url": null, "image": "627a83d009bb88.jpg"}}, {"model": "products.images", "pk": 14, "fields": {"product": 10, "image_url": null, "image": "627a83d009bbc2.jpg"}}, {"model": "products.images", "pk": 15, "fields": {"product": 11, "image_url": null, "image": "627a83d009bd29.jpg"}}, {"model": "products.images", "pk": 16, "fields": {"product": 11, "image_url": null, "image": "unisex-staple-t-shirt-kelly-front-627abf901085b.png"}}]